{
  "id": 121,
  "name": "Pink",
  "base_rgb": [
    128,
    26,
    26
  ],
  "cloth": {
    "brightness": 27,
    "contrast": 1.28906,
    "hue": 355,
    "saturation": 0.703125,
    "lightness": 1.40625,
    "rgb": [
      194,
      97,
      106
    ]
  },
  "leather": {
    "brightness": 32,
    "contrast": 1.36719,
    "hue": 355,
    "saturation": 0.664063,
    "lightness": 1.52344,
    "rgb": [
      212,
      115,
      124
    ]
  },
  "metal": {
    "brightness": 22,
    "contrast": 1.32813,
    "hue": 355,
    "saturation": 0.78125,
    "lightness": 1.40625,
    "rgb": [
      185,
      74,
      85
    ]
  },
  "fur": {
    "brightness": 27,
    "contrast": 1.28906,
    "hue": 355,
    "saturation": 0.703125,
    "lightness": 1.40625,
    "rgb": [
      194,
      97,
      106
    ]
  },
  "item": 20537,
  "categories": [
    "Red",
    "Vibrant",
    "Uncommon"
  ]
}