{
  "id": 1250,
  "name": "Violite",
  "base_rgb": [
    128,
    26,
    26
  ],
  "cloth": {
    "brightness": 17,
    "contrast": 1.48438,
    "hue": 270,
    "saturation": 0.351563,
    "lightness": 1.67969,
    "rgb": [
      102,
      71,
      133
    ]
  },
  "leather": {
    "brightness": 17,
    "contrast": 1.48438,
    "hue": 270,
    "saturation": 0.351563,
    "lightness": 1.67969,
    "rgb": [
      102,
      71,
      133
    ]
  },
  "metal": {
    "brightness": 17,
    "contrast": 1.48438,
    "hue": 270,
    "saturation": 0.351563,
    "lightness": 1.67969,
    "rgb": [
      102,
      71,
      133
    ]
  },
  "fur": {
    "brightness": 17,
    "contrast": 1.48438,
    "hue": 270,
    "saturation": 0.351563,
    "lightness": 1.67969,
    "rgb": [
      102,
      71,
      133
    ]
  },
  "item": 48929,
  "categories": [
    "Purple",
    "Vibrant",
    "Exclusive"
  ]
}