{
  "id": 1304,
  "name": "Electro Pink",
  "base_rgb": [
    128,
    26,
    26
  ],
  "cloth": {
    "brightness": 49,
    "contrast": 1.67969,
    "hue": 352,
    "saturation": 1.17188,
    "lightness": 1.99219,
    "rgb": [
      255,
      140,
      172
    ]
  },
  "leather": {
    "brightness": 49,
    "contrast": 1.67969,
    "hue": 352,
    "saturation": 0.78125,
    "lightness": 1.99219,
    "rgb": [
      255,
      167,
      189
    ]
  },
  "metal": {
    "brightness": 55,
    "contrast": 1.89844,
    "hue": 352,
    "saturation": 0.78125,
    "lightness": 1.60156,
    "rgb": [
      255,
      112,
      136
    ]
  },
  "fur": {
    "brightness": 49,
    "contrast": 1.67969,
    "hue": 352,
    "saturation": 1.17188,
    "lightness": 1.99219,
    "rgb": [
      255,
      140,
      172
    ]
  },
  "item": 67284,
  "categories": [
    "Red",
    "Vibrant",
    "Exclusive"
  ]
}