{
  "id": 1307,
  "name": "Glint\u0027s Crystal",
  "base_rgb": [
    128,
    26,
    26
  ],
  "cloth": {
    "brightness": 37,
    "contrast": 1.5625,
    "hue": 230,
    "saturation": 0.234375,
    "lightness": 1.99219,
    "rgb": [
      174,
      182,
      215
    ]
  },
  "leather": {
    "brightness": 37,
    "contrast": 1.5625,
    "hue": 230,
    "saturation": 0.234375,
    "lightness": 1.99219,
    "rgb": [
      174,
      182,
      215
    ]
  },
  "metal": {
    "brightness": 37,
    "contrast": 1.5625,
    "hue": 230,
    "saturation": 0.234375,
    "lightness": 1.99219,
    "rgb": [
      174,
      182,
      215
    ]
  },
  "fur": {
    "brightness": 37,
    "contrast": 1.5625,
    "hue": 230,
    "saturation": 0.234375,
    "lightness": 1.99219,
    "rgb": [
      174,
      182,
      215
    ]
  },
  "item": 67991,
  "categories": [
    "Purple",
    "Vibrant",
    "Exclusive"
  ]
}