{
  "id": 1308,
  "name": "Glint\u0027s Sanctuary",
  "base_rgb": [
    128,
    26,
    26
  ],
  "cloth": {
    "brightness": 37,
    "contrast": 1.5625,
    "hue": 213,
    "saturation": 0.234375,
    "lightness": 1.99219,
    "rgb": [
      169,
      189,
      212
    ]
  },
  "leather": {
    "brightness": 37,
    "contrast": 1.5625,
    "hue": 213,
    "saturation": 0.234375,
    "lightness": 1.99219,
    "rgb": [
      169,
      189,
      212
    ]
  },
  "metal": {
    "brightness": 37,
    "contrast": 1.5625,
    "hue": 213,
    "saturation": 0.234375,
    "lightness": 1.99219,
    "rgb": [
      169,
      189,
      212
    ]
  },
  "fur": {
    "brightness": 37,
    "contrast": 1.5625,
    "hue": 213,
    "saturation": 0.234375,
    "lightness": 1.99219,
    "rgb": [
      169,
      189,
      212
    ]
  },
  "item": 67996,
  "categories": [
    "Blue",
    "Vibrant",
    "Exclusive"
  ]
}