{
  "id": 1309,
  "name": "Glint\u0027s Purview",
  "base_rgb": [
    128,
    26,
    26
  ],
  "cloth": {
    "brightness": 37,
    "contrast": 1.5625,
    "hue": 175,
    "saturation": 0.234375,
    "lightness": 1.99219,
    "rgb": [
      165,
      205,
      201
    ]
  },
  "leather": {
    "brightness": 37,
    "contrast": 1.5625,
    "hue": 175,
    "saturation": 0.234375,
    "lightness": 1.99219,
    "rgb": [
      165,
      205,
      201
    ]
  },
  "metal": {
    "brightness": 37,
    "contrast": 1.5625,
    "hue": 175,
    "saturation": 0.234375,
    "lightness": 1.99219,
    "rgb": [
      165,
      205,
      201
    ]
  },
  "fur": {
    "brightness": 37,
    "contrast": 1.5625,
    "hue": 175,
    "saturation": 0.234375,
    "lightness": 1.99219,
    "rgb": [
      165,
      205,
      201
    ]
  },
  "item": 67995,
  "categories": [
    "Blue",
    "Vibrant",
    "Exclusive"
  ]
}