{
  "id": 1311,
  "name": "Glint\u0027s Ambition",
  "base_rgb": [
    128,
    26,
    26
  ],
  "cloth": {
    "brightness": 37,
    "contrast": 1.5625,
    "hue": 127,
    "saturation": 0.234375,
    "lightness": 1.99219,
    "rgb": [
      175,
      215,
      181
    ]
  },
  "leather": {
    "brightness": 37,
    "contrast": 1.5625,
    "hue": 127,
    "saturation": 0.234375,
    "lightness": 1.99219,
    "rgb": [
      175,
      215,
      181
    ]
  },
  "metal": {
    "brightness": 37,
    "contrast": 1.5625,
    "hue": 127,
    "saturation": 0.234375,
    "lightness": 1.99219,
    "rgb": [
      175,
      215,
      181
    ]
  },
  "fur": {
    "brightness": 37,
    "contrast": 1.5625,
    "hue": 127,
    "saturation": 0.234375,
    "lightness": 1.99219,
    "rgb": [
      175,
      215,
      181
    ]
  },
  "item": 67992,
  "categories": [
    "Green",
    "Vibrant",
    "Exclusive"
  ]
}