{
  "id": 1380,
  "name": "Baby Blue",
  "base_rgb": [
    128,
    26,
    26
  ],
  "cloth": {
    "brightness": 42,
    "contrast": 1.79688,
    "hue": 215,
    "saturation": 0.546875,
    "lightness": 1.67969,
    "rgb": [
      96,
      145,
      211
    ]
  },
  "leather": {
    "brightness": 42,
    "contrast": 1.79688,
    "hue": 215,
    "saturation": 0.546875,
    "lightness": 1.67969,
    "rgb": [
      96,
      145,
      211
    ]
  },
  "metal": {
    "brightness": 42,
    "contrast": 1.79688,
    "hue": 215,
    "saturation": 0.546875,
    "lightness": 1.67969,
    "rgb": [
      96,
      145,
      211
    ]
  },
  "fur": {
    "brightness": 42,
    "contrast": 1.79688,
    "hue": 215,
    "saturation": 0.546875,
    "lightness": 1.67969,
    "rgb": [
      96,
      145,
      211
    ]
  },
  "item": 78722,
  "categories": [
    "Blue",
    "Vibrant",
    "Exclusive"
  ]
}