{
  "id": 1382,
  "name": "Ghost",
  "base_rgb": [
    128,
    26,
    26
  ],
  "cloth": {
    "brightness": 42,
    "contrast": 1.79688,
    "hue": 215,
    "saturation": 0.15625,
    "lightness": 1.67969,
    "rgb": [
      135,
      149,
      168
    ]
  },
  "leather": {
    "brightness": 42,
    "contrast": 1.79688,
    "hue": 215,
    "saturation": 0.15625,
    "lightness": 1.67969,
    "rgb": [
      135,
      149,
      168
    ]
  },
  "metal": {
    "brightness": 42,
    "contrast": 1.79688,
    "hue": 215,
    "saturation": 0.15625,
    "lightness": 1.67969,
    "rgb": [
      135,
      149,
      168
    ]
  },
  "fur": {
    "brightness": 42,
    "contrast": 1.79688,
    "hue": 215,
    "saturation": 0.15625,
    "lightness": 1.67969,
    "rgb": [
      135,
      149,
      168
    ]
  },
  "item": 78719,
  "categories": [
    "Blue",
    "Vibrant",
    "Exclusive"
  ]
}