{
  "id": 141,
  "name": "Lilac",
  "base_rgb": [
    128,
    26,
    26
  ],
  "cloth": {
    "brightness": 29,
    "contrast": 1.28906,
    "hue": 238,
    "saturation": 0.585938,
    "lightness": 1.36719,
    "rgb": [
      107,
      110,
      185
    ]
  },
  "leather": {
    "brightness": 29,
    "contrast": 1.32813,
    "hue": 238,
    "saturation": 0.546875,
    "lightness": 1.36719,
    "rgb": [
      104,
      107,
      180
    ]
  },
  "metal": {
    "brightness": 29,
    "contrast": 1.32813,
    "hue": 238,
    "saturation": 0.46875,
    "lightness": 1.36719,
    "rgb": [
      108,
      110,
      173
    ]
  },
  "fur": {
    "brightness": 29,
    "contrast": 1.28906,
    "hue": 238,
    "saturation": 0.585938,
    "lightness": 1.36719,
    "rgb": [
      107,
      110,
      185
    ]
  },
  "item": 20604,
  "categories": [
    "Purple",
    "Vibrant",
    "Uncommon"
  ]
}