{
  "id": 1493,
  "name": "Blue Orchid",
  "base_rgb": [
    128,
    26,
    26
  ],
  "cloth": {
    "brightness": 12,
    "contrast": 1.27344,
    "hue": 233,
    "saturation": 0.796875,
    "lightness": 0.992188,
    "rgb": [
      23,
      37,
      133
    ]
  },
  "leather": {
    "brightness": 12,
    "contrast": 1.27344,
    "hue": 233,
    "saturation": 0.796875,
    "lightness": 0.992188,
    "rgb": [
      23,
      37,
      133
    ]
  },
  "metal": {
    "brightness": 12,
    "contrast": 1.27344,
    "hue": 233,
    "saturation": 0.796875,
    "lightness": 0.992188,
    "rgb": [
      23,
      37,
      133
    ]
  },
  "fur": {
    "brightness": 12,
    "contrast": 1.27344,
    "hue": 233,
    "saturation": 0.796875,
    "lightness": 0.992188,
    "rgb": [
      23,
      37,
      133
    ]
  },
  "item": 79692,
  "categories": [
    "Blue",
    "Vibrant",
    "Exclusive"
  ]
}