{
  "id": 1551,
  "name": "Frostbite Blue",
  "base_rgb": [
    128,
    26,
    26
  ],
  "cloth": {
    "brightness": 72,
    "contrast": 1.40625,
    "hue": 193,
    "saturation": 0.390625,
    "lightness": 1.52344,
    "rgb": [
      232,
      255,
      255
    ]
  },
  "leather": {
    "brightness": 72,
    "contrast": 1.40625,
    "hue": 193,
    "saturation": 0.390625,
    "lightness": 1.52344,
    "rgb": [
      232,
      255,
      255
    ]
  },
  "metal": {
    "brightness": 72,
    "contrast": 1.40625,
    "hue": 193,
    "saturation": 0.390625,
    "lightness": 1.52344,
    "rgb": [
      232,
      255,
      255
    ]
  },
  "fur": {
    "brightness": 72,
    "contrast": 1.40625,
    "hue": 193,
    "saturation": 0.390625,
    "lightness": 1.52344,
    "rgb": [
      232,
      255,
      255
    ]
  },
  "item": 81561,
  "categories": [
    "Blue",
    "Vibrant",
    "Exclusive"
  ]
}