{
  "id": 1552,
  "name": "Frostbite Green",
  "base_rgb": [
    128,
    26,
    26
  ],
  "cloth": {
    "brightness": 72,
    "contrast": 1.40625,
    "hue": 120,
    "saturation": 0.390625,
    "lightness": 1.52344,
    "rgb": [
      250,
      255,
      250
    ]
  },
  "leather": {
    "brightness": 72,
    "contrast": 1.40625,
    "hue": 120,
    "saturation": 0.390625,
    "lightness": 1.52344,
    "rgb": [
      250,
      255,
      250
    ]
  },
  "metal": {
    "brightness": 72,
    "contrast": 1.40625,
    "hue": 120,
    "saturation": 0.390625,
    "lightness": 1.52344,
    "rgb": [
      250,
      255,
      250
    ]
  },
  "fur": {
    "brightness": 72,
    "contrast": 1.40625,
    "hue": 120,
    "saturation": 0.390625,
    "lightness": 1.52344,
    "rgb": [
      250,
      255,
      250
    ]
  },
  "item": 81536,
  "categories": [
    "Green",
    "Vibrant",
    "Exclusive"
  ]
}