{
  "id": 1595,
  "name": "Sand Shark",
  "base_rgb": [
    128,
    26,
    26
  ],
  "cloth": {
    "brightness": 34,
    "contrast": 1.99219,
    "hue": 200,
    "saturation": 0.742188,
    "lightness": 1.99219,
    "rgb": [
      26,
      138,
      197
    ]
  },
  "leather": {
    "brightness": 34,
    "contrast": 1.99219,
    "hue": 200,
    "saturation": 0.742188,
    "lightness": 1.99219,
    "rgb": [
      26,
      138,
      197
    ]
  },
  "metal": {
    "brightness": 44,
    "contrast": 1.99219,
    "hue": 200,
    "saturation": 0.742188,
    "lightness": 1.99219,
    "rgb": [
      65,
      177,
      237
    ]
  },
  "fur": {
    "brightness": 34,
    "contrast": 1.99219,
    "hue": 200,
    "saturation": 0.742188,
    "lightness": 1.99219,
    "rgb": [
      26,
      138,
      197
    ]
  },
  "item": 87312,
  "categories": [
    "Blue",
    "Vibrant",
    "Exclusive"
  ]
}