{
  "id": 1624,
  "name": "Shattered",
  "base_rgb": [
    128,
    26,
    26
  ],
  "cloth": {
    "brightness": 52,
    "contrast": 1.48438,
    "hue": 240,
    "saturation": 0.390625,
    "lightness": 1.5625,
    "rgb": [
      185,
      185,
      244
    ]
  },
  "leather": {
    "brightness": 57,
    "contrast": 1.48438,
    "hue": 240,
    "saturation": 0.390625,
    "lightness": 1.5625,
    "rgb": [
      200,
      200,
      255
    ]
  },
  "metal": {
    "brightness": 57,
    "contrast": 1.48438,
    "hue": 240,
    "saturation": 0.390625,
    "lightness": 1.5625,
    "rgb": [
      200,
      200,
      255
    ]
  },
  "fur": {
    "brightness": 57,
    "contrast": 1.48438,
    "hue": 240,
    "saturation": 0.390625,
    "lightness": 1.5625,
    "rgb": [
      200,
      200,
      255
    ]
  },
  "item": 89708,
  "categories": [
    "Purple",
    "Vibrant",
    "Exclusive"
  ]
}