{
  "id": 1647,
  "name": "Spirits",
  "base_rgb": [
    128,
    26,
    26
  ],
  "cloth": {
    "brightness": 24,
    "contrast": 1.03125,
    "hue": 210,
    "saturation": 0.0234375,
    "lightness": 1.5625,
    "rgb": [
      164,
      165,
      166
    ]
  },
  "leather": {
    "brightness": 24,
    "contrast": 1.03125,
    "hue": 210,
    "saturation": 0.0234375,
    "lightness": 1.5625,
    "rgb": [
      164,
      165,
      166
    ]
  },
  "metal": {
    "brightness": 24,
    "contrast": 1.03125,
    "hue": 210,
    "saturation": 0.0234375,
    "lightness": 1.5625,
    "rgb": [
      164,
      165,
      166
    ]
  },
  "fur": {
    "brightness": 24,
    "contrast": 1.03125,
    "hue": 210,
    "saturation": 0.0234375,
    "lightness": 1.5625,
    "rgb": [
      164,
      165,
      166
    ]
  },
  "item": 92199,
  "categories": [
    "Gray",
    "Metal",
    "Exclusive"
  ]
}