{
  "id": 1669,
  "name": "Quartz",
  "base_rgb": [
    128,
    26,
    26
  ],
  "cloth": {
    "brightness": 24,
    "contrast": 1.03125,
    "hue": 210,
    "saturation": 0.195312,
    "lightness": 1.5625,
    "rgb": [
      153,
      165,
      177
    ]
  },
  "leather": {
    "brightness": 24,
    "contrast": 1.03125,
    "hue": 210,
    "saturation": 0.195312,
    "lightness": 1.5625,
    "rgb": [
      153,
      165,
      177
    ]
  },
  "metal": {
    "brightness": 24,
    "contrast": 1.03125,
    "hue": 210,
    "saturation": 0.195312,
    "lightness": 1.5625,
    "rgb": [
      153,
      165,
      177
    ]
  },
  "fur": {
    "brightness": 24,
    "contrast": 1.03125,
    "hue": 210,
    "saturation": 0.195312,
    "lightness": 1.5625,
    "rgb": [
      153,
      165,
      177
    ]
  },
  "item": 94370,
  "categories": [
    "Yellow",
    "Vibrant",
    "Exclusive"
  ]
}