{
  "id": 1672,
  "name": "Prismatic",
  "base_rgb": [
    128,
    26,
    26
  ],
  "cloth": {
    "brightness": 87,
    "contrast": 1.99219,
    "hue": 245,
    "saturation": 1.99219,
    "lightness": 1.99219,
    "rgb": [
      217,
      176,
      255
    ]
  },
  "leather": {
    "brightness": 87,
    "contrast": 1.99219,
    "hue": 245,
    "saturation": 1.99219,
    "lightness": 1.99219,
    "rgb": [
      217,
      176,
      255
    ]
  },
  "metal": {
    "brightness": 87,
    "contrast": 1.99219,
    "hue": 245,
    "saturation": 1.99219,
    "lightness": 1.99219,
    "rgb": [
      217,
      176,
      255
    ]
  },
  "fur": {
    "brightness": 87,
    "contrast": 1.99219,
    "hue": 245,
    "saturation": 1.99219,
    "lightness": 1.99219,
    "rgb": [
      217,
      176,
      255
    ]
  },
  "item": 94367,
  "categories": [
    "Blue",
    "Vibrant",
    "Exclusive"
  ]
}