{
  "id": 1673,
  "name": "Taffy",
  "base_rgb": [
    128,
    26,
    26
  ],
  "cloth": {
    "brightness": 87,
    "contrast": 1.99219,
    "hue": 230,
    "saturation": 1.99219,
    "lightness": 1.99219,
    "rgb": [
      158,
      239,
      255
    ]
  },
  "leather": {
    "brightness": 87,
    "contrast": 1.99219,
    "hue": 230,
    "saturation": 1.99219,
    "lightness": 1.99219,
    "rgb": [
      158,
      239,
      255
    ]
  },
  "metal": {
    "brightness": 87,
    "contrast": 1.99219,
    "hue": 230,
    "saturation": 1.99219,
    "lightness": 1.99219,
    "rgb": [
      158,
      239,
      255
    ]
  },
  "fur": {
    "brightness": 87,
    "contrast": 1.99219,
    "hue": 230,
    "saturation": 1.99219,
    "lightness": 1.99219,
    "rgb": [
      158,
      239,
      255
    ]
  },
  "item": 95206,
  "categories": [
    "Blue",
    "Vibrant",
    "Exclusive"
  ]
}