{
  "id": 1675,
  "name": "Bubblegum",
  "base_rgb": [
    128,
    26,
    26
  ],
  "cloth": {
    "brightness": 72,
    "contrast": 1.99219,
    "hue": 350,
    "saturation": 1.91406,
    "lightness": 1.99219,
    "rgb": [
      255,
      105,
      183
    ]
  },
  "leather": {
    "brightness": 72,
    "contrast": 1.99219,
    "hue": 350,
    "saturation": 1.91406,
    "lightness": 1.99219,
    "rgb": [
      255,
      105,
      183
    ]
  },
  "metal": {
    "brightness": 72,
    "contrast": 1.99219,
    "hue": 350,
    "saturation": 1.91406,
    "lightness": 1.99219,
    "rgb": [
      255,
      105,
      183
    ]
  },
  "fur": {
    "brightness": 72,
    "contrast": 1.99219,
    "hue": 350,
    "saturation": 1.91406,
    "lightness": 1.99219,
    "rgb": [
      255,
      105,
      183
    ]
  },
  "item": 95226,
  "categories": [
    "Red",
    "Vibrant",
    "Exclusive"
  ]
}