{
  "id": 1678,
  "name": "Limesicle",
  "base_rgb": [
    128,
    26,
    26
  ],
  "cloth": {
    "brightness": 72,
    "contrast": 1.99219,
    "hue": 120,
    "saturation": 1.99219,
    "lightness": 1.91406,
    "rgb": [
      126,
      255,
      126
    ]
  },
  "leather": {
    "brightness": 72,
    "contrast": 1.99219,
    "hue": 120,
    "saturation": 1.99219,
    "lightness": 1.91406,
    "rgb": [
      126,
      255,
      126
    ]
  },
  "metal": {
    "brightness": 72,
    "contrast": 1.99219,
    "hue": 120,
    "saturation": 1.99219,
    "lightness": 1.91406,
    "rgb": [
      126,
      255,
      126
    ]
  },
  "fur": {
    "brightness": 72,
    "contrast": 1.99219,
    "hue": 120,
    "saturation": 1.99219,
    "lightness": 1.91406,
    "rgb": [
      126,
      255,
      126
    ]
  },
  "item": 95204,
  "categories": [
    "Green",
    "Vibrant",
    "Exclusive"
  ]
}