{
  "id": 361,
  "name": "Night Air",
  "base_rgb": [
    128,
    26,
    26
  ],
  "cloth": {
    "brightness": 10,
    "contrast": 1.13281,
    "hue": 170,
    "saturation": 0.257813,
    "lightness": 1.40625,
    "rgb": [
      80,
      112,
      106
    ]
  },
  "leather": {
    "brightness": 12,
    "contrast": 1.13281,
    "hue": 170,
    "saturation": 0.234375,
    "lightness": 1.40625,
    "rgb": [
      87,
      117,
      111
    ]
  },
  "metal": {
    "brightness": 24,
    "contrast": 1.44531,
    "hue": 170,
    "saturation": 0.195313,
    "lightness": 1.40625,
    "rgb": [
      90,
      121,
      115
    ]
  },
  "fur": {
    "brightness": 10,
    "contrast": 1.13281,
    "hue": 170,
    "saturation": 0.257813,
    "lightness": 1.40625,
    "rgb": [
      80,
      112,
      106
    ]
  },
  "item": 20373,
  "categories": [
    "Blue",
    "Leather",
    "Uncommon"
  ]
}