{
  "id": 443,
  "name": "White",
  "base_rgb": [
    128,
    26,
    26
  ],
  "cloth": {
    "brightness": 45,
    "contrast": 1.44531,
    "hue": 10,
    "saturation": 0.0234375,
    "lightness": 1.5625,
    "rgb": [
      189,
      186,
      185
    ]
  },
  "leather": {
    "brightness": 47,
    "contrast": 1.44531,
    "hue": 10,
    "saturation": 0.0234375,
    "lightness": 1.5625,
    "rgb": [
      195,
      192,
      191
    ]
  },
  "metal": {
    "brightness": 47,
    "contrast": 1.91406,
    "hue": 10,
    "saturation": 0.0234375,
    "lightness": 1.83594,
    "rgb": [
      171,
      167,
      166
    ]
  },
  "fur": {
    "brightness": 45,
    "contrast": 1.44531,
    "hue": 10,
    "saturation": 0.0234375,
    "lightness": 1.5625,
    "rgb": [
      189,
      186,
      185
    ]
  },
  "item": 20582,
  "categories": [
    "Gray",
    "Metal",
    "Rare"
  ]
}