{
  "id": 475,
  "name": "Dust",
  "base_rgb": [
    128,
    26,
    26
  ],
  "cloth": {
    "brightness": 17,
    "contrast": 1.17188,
    "hue": 5,
    "saturation": 0.0234375,
    "lightness": 1.28906,
    "rgb": [
      107,
      105,
      105
    ]
  },
  "leather": {
    "brightness": 17,
    "contrast": 1.17188,
    "hue": 5,
    "saturation": 0.0234375,
    "lightness": 1.28906,
    "rgb": [
      107,
      105,
      105
    ]
  },
  "metal": {
    "brightness": 17,
    "contrast": 1.44531,
    "hue": 5,
    "saturation": 0.0234375,
    "lightness": 1.44531,
    "rgb": [
      94,
      91,
      90
    ]
  },
  "fur": {
    "brightness": 17,
    "contrast": 1.17188,
    "hue": 5,
    "saturation": 0.0234375,
    "lightness": 1.28906,
    "rgb": [
      107,
      105,
      105
    ]
  },
  "item": 20362,
  "categories": [
    "Gray",
    "Metal",
    "Common"
  ]
}