{
  "id": 477,
  "name": "Icing",
  "base_rgb": [
    128,
    26,
    26
  ],
  "cloth": {
    "brightness": 39,
    "contrast": 1.44531,
    "hue": 10,
    "saturation": 0.0234375,
    "lightness": 1.44531,
    "rgb": [
      157,
      154,
      154
    ]
  },
  "leather": {
    "brightness": 39,
    "contrast": 1.44531,
    "hue": 10,
    "saturation": 0.0234375,
    "lightness": 1.44531,
    "rgb": [
      157,
      154,
      154
    ]
  },
  "metal": {
    "brightness": 40,
    "contrast": 1.83594,
    "hue": 10,
    "saturation": 0.0234375,
    "lightness": 1.67969,
    "rgb": [
      142,
      138,
      137
    ]
  },
  "fur": {
    "brightness": 39,
    "contrast": 1.44531,
    "hue": 10,
    "saturation": 0.0234375,
    "lightness": 1.44531,
    "rgb": [
      157,
      154,
      154
    ]
  },
  "item": 20364,
  "categories": [
    "Gray",
    "Metal",
    "Rare"
  ]
}