{
  "id": 587,
  "name": "Blue Ice",
  "base_rgb": [
    128,
    26,
    26
  ],
  "cloth": {
    "brightness": 47,
    "contrast": 1.36719,
    "hue": 220,
    "saturation": 0.15625,
    "lightness": 1.32812,
    "rgb": [
      160,
      168,
      185
    ]
  },
  "leather": {
    "brightness": 47,
    "contrast": 1.44531,
    "hue": 220,
    "saturation": 0.15625,
    "lightness": 1.32812,
    "rgb": [
      152,
      161,
      178
    ]
  },
  "metal": {
    "brightness": 47,
    "contrast": 1.64062,
    "hue": 220,
    "saturation": 0.15625,
    "lightness": 1.48438,
    "rgb": [
      150,
      160,
      180
    ]
  },
  "fur": {
    "brightness": 47,
    "contrast": 1.36719,
    "hue": 220,
    "saturation": 0.15625,
    "lightness": 1.32812,
    "rgb": [
      160,
      168,
      185
    ]
  },
  "item": 20661,
  "categories": [
    "Blue",
    "Vibrant",
    "Common"
  ]
}