{
  "id": 596,
  "name": "Citrus Ice",
  "base_rgb": [
    128,
    26,
    26
  ],
  "cloth": {
    "brightness": 50,
    "contrast": 1.36719,
    "hue": 26,
    "saturation": 0.507813,
    "lightness": 1.28906,
    "rgb": [
      216,
      170,
      134
    ]
  },
  "leather": {
    "brightness": 47,
    "contrast": 1.36719,
    "hue": 26,
    "saturation": 0.507813,
    "lightness": 1.28906,
    "rgb": [
      208,
      163,
      127
    ]
  },
  "metal": {
    "brightness": 48,
    "contrast": 1.64063,
    "hue": 26,
    "saturation": 0.507813,
    "lightness": 1.48438,
    "rgb": [
      217,
      162,
      119
    ]
  },
  "fur": {
    "brightness": 50,
    "contrast": 1.36719,
    "hue": 26,
    "saturation": 0.507813,
    "lightness": 1.28906,
    "rgb": [
      216,
      170,
      134
    ]
  },
  "item": 20666,
  "categories": [
    "Yellow",
    "Vibrant",
    "Common"
  ]
}