{
  "id": 6,
  "name": "Celestial",
  "base_rgb": [
    128,
    26,
    26
  ],
  "cloth": {
    "brightness": 52,
    "contrast": 1.44531,
    "hue": 10,
    "saturation": 0.0234375,
    "lightness": 1.5625,
    "rgb": [
      211,
      208,
      207
    ]
  },
  "leather": {
    "brightness": 52,
    "contrast": 1.44531,
    "hue": 10,
    "saturation": 0.0234375,
    "lightness": 1.5625,
    "rgb": [
      211,
      208,
      207
    ]
  },
  "metal": {
    "brightness": 52,
    "contrast": 1.91406,
    "hue": 10,
    "saturation": 0.0234375,
    "lightness": 1.91406,
    "rgb": [
      197,
      193,
      192
    ]
  },
  "fur": {
    "brightness": 52,
    "contrast": 1.44531,
    "hue": 10,
    "saturation": 0.0234375,
    "lightness": 1.5625,
    "rgb": [
      211,
      208,
      207
    ]
  },
  "item": 20359,
  "categories": [
    "Gray",
    "Metal",
    "Rare"
  ]
}