{
  "id": 610,
  "name": "Fluff",
  "base_rgb": [
    128,
    26,
    26
  ],
  "cloth": {
    "brightness": 25,
    "contrast": 1.28906,
    "hue": 5,
    "saturation": 0.0234375,
    "lightness": 1.36719,
    "rgb": [
      125,
      122,
      122
    ]
  },
  "leather": {
    "brightness": 25,
    "contrast": 1.28906,
    "hue": 5,
    "saturation": 0.0234375,
    "lightness": 1.36719,
    "rgb": [
      125,
      122,
      122
    ]
  },
  "metal": {
    "brightness": 22,
    "contrast": 1.52344,
    "hue": 15,
    "saturation": 0.0234375,
    "lightness": 1.5625,
    "rgb": [
      109,
      106,
      105
    ]
  },
  "fur": {
    "brightness": 25,
    "contrast": 1.28906,
    "hue": 5,
    "saturation": 0.0234375,
    "lightness": 1.36719,
    "rgb": [
      125,
      122,
      122
    ]
  },
  "item": 20673,
  "categories": [
    "Gray",
    "Vibrant",
    "Common"
  ]
}