{
  "id": 611,
  "name": "Fog",
  "base_rgb": [
    128,
    26,
    26
  ],
  "cloth": {
    "brightness": 32,
    "contrast": 1.32813,
    "hue": 15,
    "saturation": 0.0390625,
    "lightness": 1.36719,
    "rgb": [
      142,
      138,
      136
    ]
  },
  "leather": {
    "brightness": 32,
    "contrast": 1.32813,
    "hue": 15,
    "saturation": 0.0390625,
    "lightness": 1.36719,
    "rgb": [
      142,
      138,
      136
    ]
  },
  "metal": {
    "brightness": 32,
    "contrast": 1.67969,
    "hue": 15,
    "saturation": 0.0390625,
    "lightness": 1.64063,
    "rgb": [
      131,
      126,
      124
    ]
  },
  "fur": {
    "brightness": 32,
    "contrast": 1.32813,
    "hue": 15,
    "saturation": 0.0390625,
    "lightness": 1.36719,
    "rgb": [
      142,
      138,
      136
    ]
  },
  "item": 20674,
  "categories": [
    "Gray",
    "Vibrant",
    "Common"
  ]
}