{
  "id": 628,
  "name": "Lemon Ice",
  "base_rgb": [
    128,
    26,
    26
  ],
  "cloth": {
    "brightness": 47,
    "contrast": 1.36719,
    "hue": 45,
    "saturation": 0.585938,
    "lightness": 1.28906,
    "rgb": [
      204,
      180,
      113
    ]
  },
  "leather": {
    "brightness": 47,
    "contrast": 1.36719,
    "hue": 45,
    "saturation": 0.585938,
    "lightness": 1.28906,
    "rgb": [
      204,
      180,
      113
    ]
  },
  "metal": {
    "brightness": 47,
    "contrast": 1.60156,
    "hue": 40,
    "saturation": 0.585938,
    "lightness": 1.48438,
    "rgb": [
      216,
      178,
      107
    ]
  },
  "fur": {
    "brightness": 47,
    "contrast": 1.36719,
    "hue": 45,
    "saturation": 0.585938,
    "lightness": 1.28906,
    "rgb": [
      204,
      180,
      113
    ]
  },
  "item": 20686,
  "categories": [
    "Yellow",
    "Vibrant",
    "Common"
  ]
}