{
  "id": 631,
  "name": "Lime Ice",
  "base_rgb": [
    128,
    26,
    26
  ],
  "cloth": {
    "brightness": 45,
    "contrast": 1.36719,
    "hue": 125,
    "saturation": 0.273438,
    "lightness": 1.36719,
    "rgb": [
      156,
      196,
      160
    ]
  },
  "leather": {
    "brightness": 37,
    "contrast": 1.36719,
    "hue": 125,
    "saturation": 0.273438,
    "lightness": 1.44531,
    "rgb": [
      143,
      182,
      146
    ]
  },
  "metal": {
    "brightness": 47,
    "contrast": 1.64062,
    "hue": 125,
    "saturation": 0.195312,
    "lightness": 1.48438,
    "rgb": [
      151,
      185,
      154
    ]
  },
  "fur": {
    "brightness": 45,
    "contrast": 1.36719,
    "hue": 125,
    "saturation": 0.273438,
    "lightness": 1.36719,
    "rgb": [
      156,
      196,
      160
    ]
  },
  "item": 20688,
  "categories": [
    "Green",
    "Vibrant",
    "Common"
  ]
}