{
  "id": 637,
  "name": "Mint Ice",
  "base_rgb": [
    128,
    26,
    26
  ],
  "cloth": {
    "brightness": 47,
    "contrast": 1.36719,
    "hue": 85,
    "saturation": 0.351563,
    "lightness": 1.28906,
    "rgb": [
      169,
      193,
      136
    ]
  },
  "leather": {
    "brightness": 37,
    "contrast": 1.36719,
    "hue": 85,
    "saturation": 0.351563,
    "lightness": 1.40625,
    "rgb": [
      156,
      180,
      123
    ]
  },
  "metal": {
    "brightness": 47,
    "contrast": 1.64063,
    "hue": 85,
    "saturation": 0.273438,
    "lightness": 1.48438,
    "rgb": [
      166,
      188,
      136
    ]
  },
  "fur": {
    "brightness": 47,
    "contrast": 1.36719,
    "hue": 85,
    "saturation": 0.351563,
    "lightness": 1.28906,
    "rgb": [
      169,
      193,
      136
    ]
  },
  "item": 20625,
  "categories": [
    "Green",
    "Vibrant",
    "Uncommon"
  ]
}