{
  "id": 656,
  "name": "Pastel Peach",
  "base_rgb": [
    128,
    26,
    26
  ],
  "cloth": {
    "brightness": 45,
    "contrast": 1.17188,
    "hue": 18,
    "saturation": 0.742188,
    "lightness": 1.32813,
    "rgb": [
      239,
      171,
      139
    ]
  },
  "leather": {
    "brightness": 37,
    "contrast": 1.17188,
    "hue": 18,
    "saturation": 0.664063,
    "lightness": 1.32813,
    "rgb": [
      212,
      151,
      123
    ]
  },
  "metal": {
    "brightness": 42,
    "contrast": 1.44531,
    "hue": 18,
    "saturation": 0.703125,
    "lightness": 1.48438,
    "rgb": [
      234,
      154,
      117
    ]
  },
  "fur": {
    "brightness": 45,
    "contrast": 1.17188,
    "hue": 18,
    "saturation": 0.742188,
    "lightness": 1.32813,
    "rgb": [
      239,
      171,
      139
    ]
  },
  "item": 20703,
  "categories": [
    "Red",
    "Vibrant",
    "Common"
  ]
}