{
  "id": 665,
  "name": "Peach Ice",
  "base_rgb": [
    128,
    26,
    26
  ],
  "cloth": {
    "brightness": 50,
    "contrast": 1.36719,
    "hue": 18,
    "saturation": 0.429688,
    "lightness": 1.32812,
    "rgb": [
      217,
      171,
      149
    ]
  },
  "leather": {
    "brightness": 42,
    "contrast": 1.36719,
    "hue": 18,
    "saturation": 0.390625,
    "lightness": 1.32812,
    "rgb": [
      192,
      150,
      131
    ]
  },
  "metal": {
    "brightness": 47,
    "contrast": 1.64062,
    "hue": 18,
    "saturation": 0.429688,
    "lightness": 1.48438,
    "rgb": [
      209,
      153,
      128
    ]
  },
  "fur": {
    "brightness": 50,
    "contrast": 1.36719,
    "hue": 18,
    "saturation": 0.429688,
    "lightness": 1.32812,
    "rgb": [
      217,
      171,
      149
    ]
  },
  "item": 20710,
  "categories": [
    "Orange",
    "Vibrant",
    "Common"
  ]
}