{
  "id": 672,
  "name": "Purple Ice",
  "base_rgb": [
    128,
    26,
    26
  ],
  "cloth": {
    "brightness": 50,
    "contrast": 1.36719,
    "hue": 265,
    "saturation": 0.195313,
    "lightness": 1.32813,
    "rgb": [
      177,
      164,
      195
    ]
  },
  "leather": {
    "brightness": 47,
    "contrast": 1.44531,
    "hue": 265,
    "saturation": 0.195313,
    "lightness": 1.32813,
    "rgb": [
      162,
      148,
      181
    ]
  },
  "metal": {
    "brightness": 47,
    "contrast": 1.64063,
    "hue": 265,
    "saturation": 0.195313,
    "lightness": 1.48438,
    "rgb": [
      162,
      146,
      183
    ]
  },
  "fur": {
    "brightness": 50,
    "contrast": 1.36719,
    "hue": 265,
    "saturation": 0.195313,
    "lightness": 1.32813,
    "rgb": [
      177,
      164,
      195
    ]
  },
  "item": 20636,
  "categories": [
    "Purple",
    "Vibrant",
    "Uncommon"
  ]
}