{
  "id": 679,
  "name": "Rose Ice",
  "base_rgb": [
    128,
    26,
    26
  ],
  "cloth": {
    "brightness": 50,
    "contrast": 1.36719,
    "hue": 333,
    "saturation": 0.273438,
    "lightness": 1.32812,
    "rgb": [
      201,
      158,
      178
    ]
  },
  "leather": {
    "brightness": 47,
    "contrast": 1.44531,
    "hue": 333,
    "saturation": 0.15625,
    "lightness": 1.32812,
    "rgb": [
      177,
      151,
      163
    ]
  },
  "metal": {
    "brightness": 47,
    "contrast": 1.64062,
    "hue": 333,
    "saturation": 0.195312,
    "lightness": 1.48438,
    "rgb": [
      183,
      145,
      162
    ]
  },
  "fur": {
    "brightness": 50,
    "contrast": 1.36719,
    "hue": 333,
    "saturation": 0.273438,
    "lightness": 1.32812,
    "rgb": [
      201,
      158,
      178
    ]
  },
  "item": 20718,
  "categories": [
    "Red",
    "Vibrant",
    "Common"
  ]
}