{
  "id": 683,
  "name": "Sea Ice",
  "base_rgb": [
    128,
    26,
    26
  ],
  "cloth": {
    "brightness": 47,
    "contrast": 1.36719,
    "hue": 165,
    "saturation": 0.234375,
    "lightness": 1.32813,
    "rgb": [
      150,
      186,
      177
    ]
  },
  "leather": {
    "brightness": 42,
    "contrast": 1.40625,
    "hue": 165,
    "saturation": 0.234375,
    "lightness": 1.36719,
    "rgb": [
      137,
      174,
      164
    ]
  },
  "metal": {
    "brightness": 47,
    "contrast": 1.64063,
    "hue": 165,
    "saturation": 0.195313,
    "lightness": 1.48438,
    "rgb": [
      142,
      179,
      169
    ]
  },
  "fur": {
    "brightness": 47,
    "contrast": 1.36719,
    "hue": 165,
    "saturation": 0.234375,
    "lightness": 1.32813,
    "rgb": [
      150,
      186,
      177
    ]
  },
  "item": 20721,
  "categories": [
    "Blue",
    "Vibrant",
    "Common"
  ]
}