{
  "id": 70,
  "name": "Mithril",
  "base_rgb": [
    128,
    26,
    26
  ],
  "cloth": {
    "brightness": 12,
    "contrast": 1.09375,
    "hue": 26,
    "saturation": 0.195312,
    "lightness": 1.99219,
    "rgb": [
      167,
      153,
      142
    ]
  },
  "leather": {
    "brightness": 12,
    "contrast": 1.09375,
    "hue": 26,
    "saturation": 0.195312,
    "lightness": 1.99219,
    "rgb": [
      167,
      153,
      142
    ]
  },
  "metal": {
    "brightness": 32,
    "contrast": 1.64062,
    "hue": 26,
    "saturation": 0.234375,
    "lightness": 1.99219,
    "rgb": [
      183,
      158,
      138
    ]
  },
  "fur": {
    "brightness": 12,
    "contrast": 1.09375,
    "hue": 26,
    "saturation": 0.195312,
    "lightness": 1.99219,
    "rgb": [
      167,
      153,
      142
    ]
  },
  "item": 20435,
  "categories": [
    "Brown",
    "Vibrant",
    "Rare"
  ]
}