{
  "id": 708,
  "name": "Violet Ice",
  "base_rgb": [
    128,
    26,
    26
  ],
  "cloth": {
    "brightness": 47,
    "contrast": 1.36719,
    "hue": 236,
    "saturation": 0.273438,
    "lightness": 1.32813,
    "rgb": [
      157,
      160,
      196
    ]
  },
  "leather": {
    "brightness": 47,
    "contrast": 1.48438,
    "hue": 236,
    "saturation": 0.273438,
    "lightness": 1.32813,
    "rgb": [
      145,
      148,
      188
    ]
  },
  "metal": {
    "brightness": 47,
    "contrast": 1.64063,
    "hue": 236,
    "saturation": 0.273438,
    "lightness": 1.48438,
    "rgb": [
      146,
      150,
      194
    ]
  },
  "fur": {
    "brightness": 47,
    "contrast": 1.36719,
    "hue": 236,
    "saturation": 0.273438,
    "lightness": 1.32813,
    "rgb": [
      157,
      160,
      196
    ]
  },
  "item": 20740,
  "categories": [
    "Purple",
    "Vibrant",
    "Common"
  ]
}