{
  "id": 711,
  "name": "Wine Ice",
  "base_rgb": [
    128,
    26,
    26
  ],
  "cloth": {
    "brightness": 50,
    "contrast": 1.36719,
    "hue": 295,
    "saturation": 0.234375,
    "lightness": 1.32812,
    "rgb": [
      188,
      157,
      191
    ]
  },
  "leather": {
    "brightness": 45,
    "contrast": 1.40625,
    "hue": 295,
    "saturation": 0.234375,
    "lightness": 1.32812,
    "rgb": [
      172,
      140,
      175
    ]
  },
  "metal": {
    "brightness": 47,
    "contrast": 1.64062,
    "hue": 295,
    "saturation": 0.234375,
    "lightness": 1.48438,
    "rgb": [
      174,
      137,
      178
    ]
  },
  "fur": {
    "brightness": 50,
    "contrast": 1.36719,
    "hue": 295,
    "saturation": 0.234375,
    "lightness": 1.32812,
    "rgb": [
      188,
      157,
      191
    ]
  },
  "item": 20746,
  "categories": [
    "Purple",
    "Vibrant",
    "Common"
  ]
}