{
  "id": 714,
  "name": "Winter Ice",
  "base_rgb": [
    128,
    26,
    26
  ],
  "cloth": {
    "brightness": 47,
    "contrast": 1.36719,
    "hue": 193,
    "saturation": 0.234375,
    "lightness": 1.32812,
    "rgb": [
      150,
      177,
      186
    ]
  },
  "leather": {
    "brightness": 42,
    "contrast": 1.44531,
    "hue": 193,
    "saturation": 0.234375,
    "lightness": 1.36719,
    "rgb": [
      133,
      162,
      171
    ]
  },
  "metal": {
    "brightness": 47,
    "contrast": 1.64062,
    "hue": 193,
    "saturation": 0.195312,
    "lightness": 1.48438,
    "rgb": [
      142,
      170,
      178
    ]
  },
  "fur": {
    "brightness": 47,
    "contrast": 1.36719,
    "hue": 193,
    "saturation": 0.234375,
    "lightness": 1.32812,
    "rgb": [
      150,
      177,
      186
    ]
  },
  "item": 20646,
  "categories": [
    "Blue",
    "Vibrant",
    "Rare"
  ]
}